sc_gid,latitude,longitude,country,state,county,elevation_m,timezone,sc_point_gid,sc_row_ind,sc_col_ind,res_gids,gen_gids,gid_counts,n_gids,offshore,capacity_factor_ac,capacity_factor_dc,lcoe_site_usd_per_mwh,resource,losses_wakes_pct,area_developable_sq_km,capacity_ac_mw,capacity_dc_mw,multiplier_cc_eos,multiplier_cc_regional,annual_energy_site_mwh,cost_site_cc_usd_per_ac_mw,cost_base_cc_usd_per_ac_mw,cost_site_foc_usd_per_ac_mw,cost_base_foc_usd_per_ac_mw,cost_site_voc_usd_per_ac_mwh,cost_base_voc_usd_per_ac_mwh,fixed_charge_rate,res_class,zone_id
0,41.99292076811808,-71.80788736558492,United States,Rhode Island,Providence,189.8,-5,1,0,1,"[2360582, 2360581, 2361502, 2360580, 2361501]","[2, 1, 7, 0, 6]","[397.0, 529.0, 23.0, 167.0, 23.0]",1139,0,0.3294287,,75.0615,6.7597365,,9.2259,27.677699999999998,,1,1.0,79872.18030336607,1695000.0000000002,1695000.0000000002,51000.0,51000.0,0.0,0.0,0.09749999,0,1
1,41.993086159675855,-71.73837273978268,United States,Rhode Island,Providence,172.9,-5,2,0,2,"[2362426, 2363348, 2360582, 2361503, 2362425, 2363347, 2361502, 2362424, 2363346, 2361501]","[18, 31, 2, 8, 17, 30, 7, 16, 29, 6]","[525.0, 170.0, 132.0, 529.0, 526.0, 350.0, 466.0, 353.0, 187.0, 11.0]",3249,0,0.34841418,,71.05527,6.9038534,,26.316899999999997,78.95069999999998,,1,1.0,240966.0820338392,1695000.0,1695000.0,51000.0,51000.0,0.0,0.0,0.09749998,0,1
2,41.993209457643076,-71.66885760530704,United States,Rhode Island,Providence,131.54545454545453,-5,3,0,3,"[2365189, 2363348, 2364269, 2365188, 2366106, 2363347, 2364268, 2365187, 2366105, 2364267, 2363346]","[67, 31, 47, 66, 89, 30, 46, 65, 88, 45, 29]","[497.0, 357.0, 530.0, 530.0, 121.0, 179.0, 506.0, 380.0, 143.0, 52.0, 7.0]",3302,0,0.3142932,,78.746315,6.563604,,26.746199999999998,80.23859999999999,,1,1.0,220913.5941251063,1694999.9999999998,1694999.9999999998,51000.0,51000.0,0.0,0.0,0.09749998,0,1
3,41.993290661277086,-71.59934211049521,United States,Rhode Island,Providence,111.0,-5,4,0,4,"[2367024, 2367939, 2366107, 2365189, 2367023, 2367938, 2366106, 2367022, 2367937, 2368849, 2366105, 2367021]","[118, 153, 90, 67, 117, 152, 89, 116, 151, 190, 88, 115]","[428.0, 274.0, 530.0, 30.0, 530.0, 458.0, 409.0, 516.0, 407.0, 37.0, 78.0, 68.0]",3765,0,0.2752025,,89.990265,6.178571,,30.496499999999997,91.48949999999999,,1,1.0,220560.50893537042,1694999.875,1694999.875,51000.00000000001,51000.00000000001,0.0,0.0,0.097499974,0,1
4,41.99332977008879,-71.52982640368927,United States,Rhode Island,Providence,115.36363636363636,-5,5,0,5,"[2367939, 2368851, 2368850, 2367938, 2369758, 2370662, 2369757, 2370661, 2368849, 2369756, 2370660]","[153, 192, 191, 152, 230, 269, 229, 268, 190, 228, 267]","[249.0, 340.0, 515.0, 72.0, 43.0, 95.0, 396.0, 264.0, 208.0, 80.0, 3.0]",2265,0,0.2881184,,85.934685,6.3045516,,18.3465,55.0395,,1,1.0,138915.13610204993,1695000.125,1695000.125,51000.0,51000.0,0.0,0.0,0.0975,0,1
5,41.99332678384263,-71.46031063323416,United States,Rhode Island,Providence,89.25,-5,6,0,6,"[2372464, 2371564, 2372463, 2373360, 2371563, 2372462, 2373359, 2370662, 2370661, 2371562, 2372461, 2373358]","[348, 309, 347, 385, 308, 346, 384, 269, 268, 307, 345, 383]","[263.0, 369.0, 528.0, 20.0, 177.0, 473.0, 178.0, 64.0, 89.0, 59.0, 12.0, 11.0]",2243,0,0.29880324,,82.9047,6.4140573,,18.1683,54.50489999999999,,1,1.0,142667.4687001065,1695000.125,1695000.125,51000.0,51000.0,0.0,0.0,0.0975,0,1
6,41.99328170255657,-71.39079494747563,United States,Rhode Island,Providence,78.125,-5,7,0,7,"[2372464, 2373361, 2374256, 2373360, 2372463, 2374255, 2373359, 2374254]","[348, 386, 423, 385, 347, 422, 384, 421]","[111.0, 484.0, 528.0, 496.0, 1.0, 528.0, 275.0, 301.0]",2724,0,0.3011802,,82.14965,6.423355,,22.0644,66.19319999999999,,1,1.0,174640.07937831254,1695000.0,1695000.0,51000.0,51000.0,0.0,0.0,0.09749999,0,1
7,41.9410632428119,-71.8076377748881,United States,Rhode Island,Providence,197.33333333333334,-5,17,1,1,"[2360580, 2361501, 2361500, 2361499, 2361498, 2362421]","[0, 6, 5, 4, 3, 13]","[361.0, 164.0, 365.0, 457.0, 17.0, 2.0]",1366,0,0.33463588,,73.98233,6.8070784,,11.064599999999999,33.193799999999996,,1,1.0,97304.64854623961,1695000.0,1695000.0,51000.0,51000.0,0.0,0.0,0.097499974,0,1
8,41.94122833556561,-71.73817950003621,United States,Rhode Island,Providence,191.8125,-5,18,1,2,"[2361501, 2361502, 2362424, 2363346, 2362423, 2363345, 2364267, 2364266, 2361500, 2362422, 2363344, 2364265, 2362421, 2361499, 2363343, 2364264]","[6, 7, 16, 29, 15, 28, 45, 44, 5, 14, 27, 43, 13, 4, 26, 42]","[330.0, 38.0, 174.0, 324.0, 525.0, 528.0, 2.0, 141.0, 160.0, 529.0, 529.0, 307.0, 315.0, 9.0, 157.0, 28.0]",4096,0,0.35678488,,69.40973,6.9875784,,33.1776,99.5328,,1,1.0,311083.35153222654,1695000.0,1695000.0,51000.0,51000.0,0.0,0.0,0.09749998,0,1
9,41.941351410776015,-71.66872071805969,United States,Rhode Island,Providence,150.53333333333333,-5,19,1,3,"[2363346, 2364267, 2364268, 2365187, 2366105, 2365186, 2366104, 2364266, 2365185, 2366103, 2367019, 2364265, 2365184, 2366102, 2367018]","[29, 45, 46, 65, 88, 64, 87, 44, 63, 86, 113, 43, 62, 85, 112]","[10.0, 475.0, 24.0, 148.0, 156.0, 529.0, 463.0, 388.0, 529.0, 530.0, 91.0, 177.0, 343.0, 182.0, 39.0]",4084,0,0.3124288,,79.26122,6.554564,,33.0804,99.24119999999999,,1,1.0,271610.8890302882,1695000.0000000002,1695000.0000000002,50999.99609375,50999.99609375,0.0,0.0,0.09749999,0,1
10,41.941432467702654,-71.59926157684407,United States,Rhode Island,Providence,137.25,-5,20,1,4,"[2366105, 2367021, 2367022, 2367936, 2367937, 2368849, 2368848, 2367020, 2366104, 2367935, 2368847, 2367019, 2367934, 2368846, 2369753, 2367018]","[88, 115, 116, 150, 151, 190, 189, 114, 87, 149, 188, 113, 148, 187, 225, 112]","[151.0, 460.0, 14.0, 529.0, 122.0, 37.0, 250.0, 529.0, 55.0, 529.0, 428.0, 406.0, 369.0, 205.0, 4.0, 5.0]",4093,0,0.31408527,,79.0491,6.559912,,33.1533,99.4599,,1,1.0,273652.6767196051,1695000.125,1695000.125,51000.0,51000.0,0.0,0.0,0.09749999,0,1
11,41.94147150585789,-71.52980222427983,United States,Rhode Island,Providence,116.6,-5,21,1,5,"[2368849, 2369756, 2369757, 2370660, 2370661, 2368848, 2371561, 2369755, 2370659, 2371560, 2368847, 2369754, 2370658, 2371559, 2369753]","[190, 228, 229, 267, 268, 189, 306, 227, 266, 305, 188, 226, 265, 304, 225]","[245.0, 435.0, 4.0, 524.0, 68.0, 276.0, 34.0, 527.0, 529.0, 203.0, 96.0, 503.0, 397.0, 184.0, 56.0]",4081,0,0.31562573,,78.411285,6.566319,,33.0561,99.1683,,1,1.0,274188.58517127443,1695000.1249999998,1695000.1249999998,50999.99609375,50999.99609375,0.0,0.0,0.09749998,0,1
12,41.94146852500687,-71.46034280826021,United States,Rhode Island,Providence,89.25,-5,22,1,6,"[2370661, 2371562, 2372461, 2372462, 2373358, 2373359, 2371561, 2372460, 2373357, 2371560, 2372459, 2373356, 2374251, 2371559, 2372458, 2373355]","[268, 307, 345, 346, 383, 384, 306, 344, 382, 305, 343, 381, 418, 304, 342, 380]","[27.0, 244.0, 273.0, 1.0, 352.0, 6.0, 495.0, 529.0, 385.0, 326.0, 518.0, 414.0, 63.0, 54.0, 81.0, 2.0]",3770,0,0.3056567,,81.2969,6.4365997,,30.537,91.61099999999999,,1,1.0,245293.2807312405,1694999.9999999998,1694999.9999999998,50999.99999999999,50999.99999999999,0.0,0.0,0.09749998,0,1
13,41.94142352516752,-71.3908834766793,United States,Rhode Island,Providence,46.111111111111114,-5,23,1,7,"[2373359, 2374254, 2373358, 2374253, 2375147, 2374252, 2373357, 2375146, 2374251]","[384, 421, 383, 420, 457, 419, 382, 456, 418]","[70.0, 226.0, 163.0, 528.0, 530.0, 316.0, 10.0, 222.0, 89.0]",2154,0,0.27791688,,88.934654,6.192586,,17.4474,52.34219999999999,,1,1.0,127429.80012182878,1694999.875,1694999.875,51000.0,51000.0,0.0,0.0,0.09749999,0,1
14,41.889205246260715,-71.80738883919618,United States,Rhode Island,Providence,213.0,-5,33,2,1,"[2361498, 2361499, 2362421, 2362420, 2362419, 2362418]","[3, 4, 13, 12, 11, 10]","[507.0, 63.0, 5.0, 159.0, 337.0, 262.0]",1333,0,0.35384145,,70.16292,6.9803977,,10.7973,32.3919,,1,1.0,100403.58960648645,1694999.875,1694999.875,51000.0,51000.0,0.0,0.0,0.09749999,0,1
15,41.88937004068889,-71.73798676741552,United States,Rhode Island,Providence,202.2,-5,34,2,2,"[2362421, 2363343, 2364264, 2364265, 2362420, 2363342, 2364263, 2365182, 2362419, 2363341, 2364262, 2365181, 2363340, 2362418, 2364261]","[13, 26, 42, 43, 12, 25, 41, 60, 11, 24, 40, 59, 23, 10, 39]","[207.0, 372.0, 460.0, 13.0, 370.0, 529.0, 528.0, 108.0, 191.0, 529.0, 457.0, 184.0, 118.0, 18.0, 12.0]",4096,0,0.3761608,,65.817276,7.17912,,33.1776,99.5328,,1,1.0,327977.35842480464,1695000.0,1695000.0,51000.0,51000.0,0.0,0.0,0.09749998,0,1
16,41.88949289349921,-71.66858419005217,United States,Rhode Island,Providence,168.73333333333332,-5,35,2,3,"[2364265, 2365184, 2366102, 2367018, 2365183, 2364264, 2366101, 2367017, 2365182, 2366100, 2367016, 2367931, 2365181, 2366099, 2367015]","[43, 62, 85, 112, 61, 42, 84, 111, 60, 83, 110, 145, 59, 82, 109]","[33.0, 186.0, 346.0, 228.0, 529.0, 39.0, 529.0, 446.0, 420.0, 529.0, 475.0, 46.0, 121.0, 145.0, 22.0]",4094,0,0.34598848,,71.52302,6.8684707,,33.1614,99.4842,,1,1.0,301522.5933134444,1695000.0,1695000.0,51000.0,51000.0,0.0,0.0,0.09749998,0,1
17,41.889573803953425,-71.59918125454206,United States,Rhode Island,Providence,131.53333333333333,-5,36,2,4,"[2367018, 2367019, 2367934, 2368846, 2369753, 2367933, 2368845, 2369752, 2367932, 2367017, 2368844, 2369751, 2367931, 2368843, 2369750]","[112, 113, 148, 187, 225, 147, 186, 224, 146, 111, 185, 223, 145, 184, 222]","[252.0, 31.0, 158.0, 317.0, 43.0, 526.0, 527.0, 224.0, 527.0, 82.0, 529.0, 381.0, 284.0, 173.0, 38.0]",4092,0,0.33551413,,73.83803,6.74391,,33.145199999999996,99.4356,,1,1.0,292251.54614645283,1695000.0,1695000.0,51000.00390625,51000.00390625,0.0,0.0,0.09749998,0,1
18,41.88961277156535,-71.52977810832593,United States,Rhode Island,Providence,89.33333333333333,-5,37,2,5,"[2369753, 2369754, 2370657, 2370658, 2371559, 2371558, 2369752, 2370656, 2372457, 2371557, 2372456, 2369751, 2370655, 2371556, 2372455]","[225, 226, 264, 265, 304, 303, 224, 263, 341, 302, 340, 223, 262, 301, 339]","[418.0, 16.0, 517.0, 132.0, 198.0, 523.0, 306.0, 503.0, 15.0, 529.0, 108.0, 113.0, 360.0, 197.0, 11.0]",3946,0,0.29344088,,84.39551,6.347889,,31.9626,95.8878,,1,1.0,246483.62626889275,1695000.125,1695000.125,51000.0,51000.0,0.0,0.0,0.09749999,0,1
19,41.88960979610084,-71.46037489884736,United States,Rhode Island,Providence,58.857142857142854,-5,38,2,6,"[2371559, 2372458, 2372459, 2373355, 2373356, 2374251, 2374250, 2372457, 2371558, 2373354, 2374249, 2372456, 2373353, 2374248]","[304, 342, 343, 380, 381, 418, 417, 341, 303, 379, 416, 340, 378, 415]","[93.0, 446.0, 8.0, 525.0, 105.0, 65.0, 298.0, 506.0, 4.0, 516.0, 340.0, 201.0, 275.0, 20.0]",3402,0,0.31487724,,78.72869,6.521423,,27.556199999999997,82.6686,,1,1.0,228026.83621899105,1695000.1250000002,1695000.1250000002,51000.0,51000.0,0.0,0.0,0.0975,0,1
20,41.889564877577754,-71.39097177355076,United States,Rhode Island,Providence,24.6,-5,39,2,7,"[2374251, 2374250, 2375144, 2374249, 2375143]","[418, 417, 454, 416, 453]","[120.0, 116.0, 44.0, 16.0, 14.0]",310,0,0.2838469,,87.344635,6.1936135,,2.5109999999999997,7.5329999999999995,,1,1.0,18730.796766393185,1695000.0000000002,1695000.0000000002,51000.0,51000.0,0.0,0.0,0.09749999,0,1
21,41.889478016266025,-71.32156887987944,United States,Rhode Island,Providence,-0.5,-5,40,2,8,"[2376929, 2377820]","[513, 538]","[3.0, 21.0]",24,0,0.2461654,,100.42209,5.84125,,0.1944,0.5831999999999999,,1,1.0,1257.6176461601256,1695000.0,1695000.0,51000.0,51000.0,0.0,0.0,0.0975,0,1
22,41.83734677855495,-71.80714055651758,United States,Rhode Island,Providence,200.8,-5,49,3,1,"[2362418, 2362417, 2363339, 2363338, 2363337]","[10, 9, 22, 21, 20]","[242.0, 530.0, 128.0, 305.0, 85.0]",1290,0,0.3805085,,65.001945,7.2346277,,10.449,31.347,,1,1.0,104487.53092380881,1695000.0,1695000.0,51000.0,51000.0,0.0,0.0,0.09749999,0,1
23,41.83751127513446,-71.73779454037867,United States,Rhode Island,Providence,180.26666666666668,-5,50,3,2,"[2362418, 2363340, 2364261, 2364262, 2365181, 2365180, 2363339, 2364260, 2365179, 2366097, 2363338, 2364259, 2365178, 2366096, 2364258]","[10, 23, 39, 40, 59, 58, 22, 38, 57, 80, 21, 37, 56, 79, 36]","[8.0, 411.0, 517.0, 72.0, 104.0, 463.0, 400.0, 529.0, 529.0, 79.0, 217.0, 426.0, 266.0, 73.0, 2.0]",4096,0,0.3619067,,68.68972,7.034914,,33.1776,99.5328,,1,1.0,315549.1101357422,1695000.0,1695000.0,51000.0,51000.0,0.0,0.0,0.09749998,0,1
24,41.83763390590019,-71.66844802019223,United States,Rhode Island,Providence,153.3125,-5,51,3,3,"[2365181, 2366099, 2367015, 2367016, 2367931, 2367930, 2366098, 2365180, 2367014, 2367929, 2366097, 2367013, 2367928, 2366096, 2368840, 2367012]","[59, 82, 109, 110, 145, 144, 81, 58, 108, 143, 80, 107, 142, 79, 181, 106]","[119.0, 383.0, 504.0, 53.0, 19.0, 240.0, 524.0, 66.0, 527.0, 420.0, 448.0, 447.0, 296.0, 34.0, 6.0, 8.0]",4094,0,0.35172692,,70.50154,6.9349313,,33.1614,99.4842,,1,1.0,306523.5356789596,1695000.0,1695000.0,51000.0,51000.0,0.0,0.0,0.09749998,0,1
25,41.83771467011613,-71.59910114294652,United States,Rhode Island,Providence,117.53333333333333,-5,52,3,4,"[2367931, 2368843, 2369750, 2369751, 2367930, 2368842, 2370654, 2369749, 2370653, 2367929, 2368841, 2369748, 2370652, 2368840, 2369747]","[145, 184, 222, 223, 144, 183, 261, 221, 260, 143, 182, 220, 259, 181, 219]","[176.0, 356.0, 490.0, 22.0, 286.0, 529.0, 26.0, 528.0, 193.0, 109.0, 529.0, 469.0, 237.0, 127.0, 19.0]",4096,0,0.32047522,,77.378174,6.5995016,,33.1776,99.5328,,1,1.0,279424.6933535156,1695000.0,1695000.0,51000.0,51000.0,0.0,0.0,0.09749998,0,1
26,41.83775356729751,-71.5297540556346,United States,Rhode Island,Providence,90.57142857142857,-5,53,3,5,"[2369751, 2370655, 2371556, 2372455, 2370654, 2371555, 2372454, 2370653, 2371554, 2372453, 2370652, 2373350, 2371553, 2372452]","[223, 262, 301, 339, 261, 300, 338, 260, 299, 337, 259, 375, 298, 336]","[14.0, 169.0, 332.0, 201.0, 503.0, 529.0, 374.0, 337.0, 529.0, 362.0, 83.0, 38.0, 160.0, 31.0]",3662,0,0.3194012,,77.60848,6.5762563,,29.6622,88.9866,,1,1.0,248980.46255245255,1695000.0,1695000.0,51000.0,51000.0,0.0,0.0,0.09749998,0,1
27,41.8377505972109,-71.46040690525234,United States,Rhode Island,Providence,43.5,-5,54,3,6,"[2372455, 2373352, 2372454, 2373351]","[339, 377, 338, 376]","[73.0, 6.0, 8.0, 77.0]",164,0,0.2837109,,87.24447,6.219695,,1.3284,3.9852,,1,1.0,9904.447279417991,1695000.0,1695000.0,51000.0,51000.0,0.0,0.0,0.09749999,0,1
28,41.83761905555621,-71.32171300326246,United States,Rhode Island,Providence,0.6666666666666666,-5,56,3,8,"[2377820, 2377819, 2377818]","[538, 537, 536]","[199.0, 64.0, 3.0]",266,0,0.24576761,,100.59619,5.837518,,2.1546,6.463799999999999,,1,1.0,13916.071757946607,1695000.0,1695000.0,50999.99999999999,50999.99999999999,0.0,0.0,0.09749999,0,1
29,41.78548783978656,-71.8068929248695,United States,Rhode Island,Providence,172.0,-5,65,4,1,"[2363337, 2363336, 2364257, 2364256]","[20, 19, 35, 34]","[395.0, 526.0, 98.0, 222.0]",1241,0,0.3711589,,66.66058,7.1480756,,10.0521,30.156299999999998,,1,1.0,98048.74467107319,1695000.0,1695000.0,51000.0,51000.0,0.0,0.0,0.0975,0,1
30,41.78565203899262,-71.7376028173905,United States,Rhode Island,Providence,179.5,-5,66,4,2,"[2363337, 2363338, 2364258, 2364259, 2365178, 2366096, 2365177, 2366095, 2364257, 2365176, 2366094, 2367010, 2364256, 2365175, 2366093, 2367009]","[20, 21, 36, 37, 56, 79, 55, 78, 35, 54, 77, 104, 34, 53, 76, 103]","[49.0, 7.0, 528.0, 104.0, 262.0, 184.0, 528.0, 434.0, 429.0, 525.0, 519.0, 52.0, 167.0, 230.0, 77.0, 1.0]",4096,0,0.35843194,,69.10644,7.0195093,,33.1776,99.5328,,1,1.0,312519.4309863281,1695000.0,1695000.0,51000.0,51000.0,0.0,0.0,0.09749998,0,1
31,41.785774448068054,-71.66831220739236,United States,Rhode Island,Providence,151.33333333333334,-5,67,4,3,"[2366096, 2366097, 2367012, 2367013, 2367928, 2368840, 2367927, 2368839, 2366095, 2367011, 2367926, 2368838, 2367010, 2367925, 2368837]","[79, 80, 106, 107, 142, 181, 141, 180, 78, 105, 140, 179, 104, 139, 178]","[233.0, 1.0, 516.0, 79.0, 233.0, 33.0, 528.0, 209.0, 92.0, 526.0, 530.0, 385.0, 366.0, 257.0, 96.0]",4084,0,0.33310807,,74.40992,6.7650714,,33.0804,99.24119999999999,,1,1.0,289588.4685026951,1695000.0000000002,1695000.0000000002,50999.99609375,50999.99609375,0.0,0.0,0.09749999,0,1
32,41.785855066279034,-71.59902124141767,United States,Rhode Island,Providence,95.06666666666666,-5,68,4,4,"[2368840, 2369747, 2369748, 2370652, 2370651, 2368839, 2369746, 2370650, 2371552, 2371551, 2368838, 2369745, 2370649, 2371550, 2369744]","[181, 219, 220, 259, 258, 180, 218, 257, 297, 296, 179, 217, 256, 295, 216]","[362.0, 506.0, 60.0, 133.0, 522.0, 318.0, 526.0, 528.0, 9.0, 162.0, 137.0, 437.0, 283.0, 99.0, 5.0]",4087,0,0.31602585,,78.2993,6.599826,,33.1047,99.3141,,1,1.0,274939.8110832896,1695000.0,1695000.0,51000.0,51000.0,0.0,0.0,0.09749998,0,1
33,41.78589389314226,-71.52973006601377,United States,Rhode Island,Providence,84.5,-5,69,4,5,"[2370652, 2371553, 2372452, 2372453, 2373349, 2371552, 2370651, 2372451, 2373348, 2371551, 2372450, 2373347, 2371550, 2372449]","[259, 298, 336, 337, 374, 297, 258, 335, 373, 296, 334, 372, 295, 333]","[75.0, 368.0, 464.0, 40.0, 182.0, 519.0, 7.0, 286.0, 69.0, 369.0, 458.0, 207.0, 23.0, 12.0]",3079,0,0.35181633,,70.394615,6.896281,,24.939899999999998,74.8197,,1,1.0,230587.65787477148,1695000.0,1695000.0,51000.0,51000.0,0.0,0.0,0.09749998,0,1
34,41.78584617214488,-71.39114767311963,United States,Rhode Island,Providence,-9.4,-5,71,4,7,"[2376925, 2376924, 2376923, 2378708, 2377814]","[511, 510, 509, 556, 534]","[76.0, 79.0, 46.0, 25.0, 7.0]",233,0,0.23518994,,105.11648,5.705579,,1.8873,5.6619,,1,1.0,11665.008253939748,1695000.0,1695000.0,51000.0,51000.0,0.0,0.0,0.09749998,0,1
35,41.785759624570375,-71.3218567487302,United States,Rhode Island,Providence,-16.0,-5,72,4,8,"[2378709, 2379602, 2379601, 2378708, 2380494]","[557, 573, 572, 556, 577]","[218.0, 429.0, 79.0, 2.0, 55.0]",783,0,0.25798044,,95.850494,5.9957595,,6.3423,19.026899999999998,,1,1.0,42999.05532414401,1695000.0,1695000.0,51000.0,51000.0,0.0,0.0,0.09749998,0,1
36,41.73362843004905,-71.80664594227787,United States,Rhode Island,Providence,155.8,-5,81,5,1,"[2364256, 2364255, 2364254, 2365173, 2365172]","[34, 33, 32, 51, 50]","[53.0, 451.0, 525.0, 71.0, 109.0]",1209,0,0.33820844,,73.13638,6.862548,,9.7929,29.3787,,1,1.0,87040.44805412005,1695000.0,1695000.0,51000.0,51000.0,0.0,0.0,0.09749999,0,1
37,41.73379233235522,-71.73741159692256,United States,Rhode Island,Providence,163.9375,-5,82,5,2,"[2364256, 2365175, 2366093, 2366094, 2367009, 2367010, 2364255, 2365174, 2366092, 2367008, 2365173, 2366091, 2367007, 2365172, 2367922, 2366090]","[34, 53, 76, 77, 103, 104, 33, 52, 75, 102, 51, 74, 101, 50, 136, 73]","[86.0, 297.0, 451.0, 9.0, 228.0, 2.0, 75.0, 526.0, 529.0, 408.0, 457.0, 503.0, 381.0, 85.0, 8.0, 51.0]",4096,0,0.35467634,,69.85588,7.020362,,33.1776,99.5328,,1,1.0,309244.8964702149,1695000.0,1695000.0,51000.0,51000.0,0.0,0.0,0.09749998,0,1
38,41.73391452009341,-71.66817675056983,United States,Rhode Island,Providence,128.13333333333333,-5,83,5,3,"[2367010, 2367925, 2368837, 2368838, 2367009, 2367924, 2369744, 2368836, 2369743, 2367008, 2367923, 2368835, 2369742, 2367922, 2368834]","[104, 139, 178, 179, 103, 138, 216, 177, 215, 102, 137, 176, 214, 136, 175]","[109.0, 268.0, 422.0, 1.0, 299.0, 518.0, 17.0, 523.0, 180.0, 122.0, 524.0, 514.0, 289.0, 212.0, 67.0]",4065,0,0.36137316,,68.62433,7.0396338,,32.9265,98.77949999999998,,1,1.0,312699.23491626437,1695000.0,1695000.0,50999.99609375,50999.99609375,0.0,0.0,0.09749998,0,1
39,41.73399499253196,-71.59894154931852,United States,Rhode Island,Providence,75.70588235294117,-5,84,5,4,"[2368838, 2369744, 2369745, 2370649, 2371550, 2368837, 2370648, 2371549, 2369743, 2370647, 2371548, 2372448, 2372447, 2369742, 2370646, 2371547, 2372446]","[179, 216, 217, 256, 295, 178, 255, 294, 215, 254, 293, 332, 331, 214, 253, 292, 330]","[2.0, 507.0, 89.0, 245.0, 241.0, 2.0, 529.0, 504.0, 349.0, 528.0, 521.0, 1.0, 125.0, 116.0, 245.0, 89.0, 3.0]",4096,0,0.3312112,,74.74809,6.754526,,33.1776,99.5328,,1,1.0,288785.4805019531,1695000.0,1695000.0,51000.0,51000.0,0.0,0.0,0.09749998,0,1
40,41.734033749188995,-71.52970613927218,United States,Rhode Island,Providence,53.61538461538461,-5,85,5,5,"[2371550, 2372449, 2372450, 2373347, 2373346, 2374242, 2374241, 2372448, 2371549, 2373345, 2374240, 2372447, 2373344]","[295, 333, 334, 372, 371, 409, 408, 332, 294, 370, 407, 331, 369]","[163.0, 513.0, 66.0, 201.0, 528.0, 11.0, 287.0, 494.0, 23.0, 148.0, 304.0, 305.0, 98.0]",3141,0,0.31889477,,77.69267,6.6202197,,25.4421,76.3263,,1,1.0,213218.90954742447,1695000.0,1695000.0,51000.0,51000.0,0.0,0.0,0.09749998,0,1
41,41.734030789832445,-71.46047066653715,United States,Rhode Island,Providence,36.5,-5,86,5,6,"[2374242, 2374241, 2375135, 2374240]","[409, 408, 445, 407]","[48.0, 126.0, 4.0, 7.0]",185,0,0.30214584,,81.88616,6.435405,,1.4985,4.4955,,1,1.0,11898.678374068737,1695000.0,1695000.0,51000.0,51000.0,0.0,0.0,0.09749999,0,1
42,41.73398611448003,-71.3912352772206,United States,Rhode Island,Kent,-11.75,-5,87,5,7,"[2377814, 2378708, 2377813, 2378705]","[534, 556, 533, 555]","[117.0, 28.0, 170.0, 7.0]",322,0,0.23856017,,103.63548,5.767764,,2.6082,7.8246,,1,1.0,16351.748053714515,1695000.0,1695000.0,51000.0,51000.0,0.0,0.0,0.09749999,0,1
43,41.73389972339928,-71.32200011742862,United States,Rhode Island,Bristol,-18.25,-5,88,5,8,"[2379601, 2380494, 2380493, 2379600]","[572, 577, 576, 571]","[39.0, 458.0, 463.0, 291.0]",1251,0,0.2623287,,94.217186,6.078185,,10.133099999999999,30.399299999999997,,1,1.0,69857.57728861534,1695000.0,1695000.0,51000.0,51000.0,0.0,0.0,0.09749999,0,1
44,41.73377161710748,-71.25276533326422,United States,Rhode Island,Bristol,-1.5,-5,89,5,9,"[2382280, 2382279, 2383171, 2382278]","[589, 588, 594, 587]","[530.0, 529.0, 501.0, 192.0]",1752,0,0.28275833,,87.432205,6.263253,,14.191199999999998,42.5736,,1,1.0,105453.22899511814,1695000.1249999998,1695000.1249999998,51000.0,51000.0,0.0,0.0,0.09749999,0,1
45,41.68176856097755,-71.80639960683192,United States,Rhode Island,Kent,120.0,-5,97,6,1,"[2365172, 2365171, 2365170, 2366088, 2366087]","[50, 49, 48, 71, 70]","[140.0, 426.0, 528.0, 45.0, 24.0]",1163,0,0.31801763,,77.72754,6.681238,,9.4203,28.2609,,1,1.0,78730.1889294709,1695000.0,1695000.0,51000.0,51000.0,0.0,0.0,0.09749999,0,1
46,41.68193216685586,-71.7372208774955,United States,Rhode Island,Kent,140.26666666666668,-5,98,6,2,"[2365172, 2366090, 2366091, 2367007, 2367922, 2367006, 2367921, 2365171, 2366089, 2367005, 2367920, 2366088, 2367004, 2367919, 2366087]","[50, 73, 74, 101, 136, 100, 135, 49, 72, 99, 134, 71, 98, 133, 70]","[196.0, 479.0, 25.0, 149.0, 22.0, 528.0, 198.0, 102.0, 529.0, 529.0, 377.0, 439.0, 341.0, 178.0, 4.0]",4096,0,0.350882,,70.66507,6.9887037,,33.1776,99.5328,,1,1.0,305936.5816318359,1695000.0,1695000.0,51000.0,51000.0,0.0,0.0,0.09749998,0,1
47,41.68205413360868,-71.66804164867668,United States,Rhode Island,Kent,139.125,-5,99,6,3,"[2367922, 2368834, 2368835, 2369741, 2369742, 2367921, 2368833, 2369740, 2370645, 2370644, 2367920, 2368832, 2369739, 2370643, 2368831, 2367919]","[136, 175, 176, 213, 214, 135, 174, 212, 252, 251, 134, 173, 211, 250, 172, 133]","[277.0, 460.0, 15.0, 517.0, 69.0, 330.0, 519.0, 512.0, 5.0, 150.0, 152.0, 497.0, 367.0, 133.0, 42.0, 3.0]",4048,0,0.37965468,,65.27537,7.213513,,32.788799999999995,98.36639999999998,,1,1.0,327144.5099590244,1695000.0,1695000.0,51000.0,51000.0,0.0,0.0,0.09749998,0,1
48,41.682134460506546,-71.5988620660325,United States,Rhode Island,Kent,78.5625,-5,100,6,4,"[2369742, 2370646, 2371547, 2371548, 2372446, 2372447, 2370645, 2369741, 2371546, 2372445, 2370644, 2371545, 2372444, 2370643, 2371544, 2373341]","[214, 253, 292, 293, 330, 331, 252, 213, 291, 329, 251, 290, 328, 250, 289, 366]","[54.0, 282.0, 437.0, 5.0, 291.0, 6.0, 522.0, 12.0, 428.0, 119.0, 376.0, 511.0, 383.0, 59.0, 61.0, 21.0]",3567,0,0.3306088,,74.88066,6.761685,,28.892699999999998,86.6781,,1,1.0,251031.30214121463,1694999.8749999998,1694999.8749999998,51000.00390625,51000.00390625,0.0,0.0,0.09749998,0,1
49,41.682173147069015,-71.5296822752247,United States,Rhode Island,Kent,61.45454545454545,-5,101,6,5,"[2372447, 2373344, 2372446, 2375133, 2374237, 2374238, 2375132, 2375131, 2373341, 2374236, 2375130]","[331, 369, 330, 443, 404, 405, 442, 441, 366, 403, 440]","[60.0, 29.0, 49.0, 4.0, 245.0, 10.0, 1.0, 118.0, 75.0, 60.0, 1.0]",652,0,0.33403614,,74.11104,6.793466,,5.2812,15.8436,,1,1.0,46360.854719068055,1695000.0,1695000.0,51000.0,51000.0,0.0,0.0,0.09749999,0,1
50,41.68217019306471,-71.4605024219178,United States,Rhode Island,Kent,24.5,-5,102,6,6,"[2375133, 2375132, 2376026, 2376025, 2376917, 2377809, 2376024, 2376916, 2375131, 2377808]","[443, 442, 476, 475, 504, 530, 474, 503, 441, 529]","[131.0, 149.0, 4.0, 307.0, 151.0, 202.0, 215.0, 13.0, 17.0, 6.0]",1195,0,0.29737914,,83.539536,6.427155,,9.679499999999999,29.0385,,1,1.0,75646.48981859922,1695000.0,1695000.0,51000.0,51000.0,0.0,0.0,0.09749999,0,1
51,41.68212559851129,-71.3913226517771,United States,Rhode Island,Kent,-13.5,-5,103,6,7,"[2378705, 2377811, 2378704, 2377809]","[555, 531, 554, 530]","[15.0, 121.0, 125.0, 241.0]",502,0,0.25982505,,95.177444,6.045478,,4.066199999999999,12.198599999999999,,1,1.0,27764.836337970257,1695000.0000000002,1695000.0000000002,51000.0,51000.0,0.0,0.0,0.09749998,0,1
52,41.682039363675486,-71.32214311046688,United States,Rhode Island,Bristol,-10.0,-5,104,6,8,"[2382278, 2382277, 2382276]","[587, 586, 585]","[4.0, 150.0, 328.0]",482,0,0.28427857,,86.918,6.308838,,3.9042,11.7126,,1,1.0,29167.656892629144,1695000.0,1695000.0,51000.0,51000.0,0.0,0.0,0.09749998,0,1
53,41.68191148907306,-71.25296394364833,United States,Rhode Island,Bristol,-10.833333333333334,-5,105,6,9,"[2382278, 2383171, 2382277, 2383169, 2382276, 2383168]","[587, 594, 586, 593, 585, 592]","[333.0, 26.0, 379.0, 530.0, 201.0, 481.0]",1950,0,0.2933502,,84.26008,6.3942456,,15.795,47.385,,1,1.0,121767.49304614663,1695000.0,1695000.0,51000.00390625,51000.00390625,0.0,0.0,0.09749998,0,1
54,41.68174197546883,-71.1837852969776,United States,Rhode Island,Newport,41.0,-5,106,6,10,"[2385851, 2386745, 2387638, 2385850]","[618, 625, 634, 617]","[496.0, 347.0, 16.0, 43.0]",902,0,0.341469,,72.51776,6.8829155,,7.3062,21.918599999999998,,1,1.0,65564.41447993898,1695000.0000000002,1695000.0000000002,51000.0,51000.0,0.0,0.0,0.09749998,0,1
55,41.68153082365902,-71.11460725306341,United States,Rhode Island,Newport,43.0,-5,107,6,11,[2387638],[634],[111.0],111,0,0.35376295,,69.87006,6.969999,,0.8990999999999999,2.6973,,1,1.0,8358.834197807908,1694999.875,1694999.875,51000.0,51000.0,0.0,0.0,0.097499974,0,1
56,41.629908233218366,-71.80615391657724,United States,Rhode Island,Kent,130.75,-5,113,7,1,"[2366087, 2366086, 2366085, 2367001]","[70, 69, 68, 95]","[193.0, 395.0, 449.0, 11.0]",1048,0,0.33098766,,74.70906,6.786326,,8.4888,25.4664,,1,1.0,73838.60237024403,1695000.0,1695000.0,50999.99999999999,50999.99999999999,0.0,0.0,0.0975,0,1
57,41.63007154313918,-71.73703065759608,United States,Rhode Island,Kent,118.6875,-5,114,7,2,"[2366087, 2366088, 2367004, 2367919, 2367003, 2368831, 2367918, 2368830, 2366086, 2367002, 2367917, 2368829, 2367001, 2366085, 2367916, 2368828]","[70, 71, 98, 133, 97, 172, 132, 171, 69, 96, 131, 170, 95, 68, 130, 169]","[308.0, 45.0, 188.0, 347.0, 528.0, 12.0, 518.0, 166.0, 133.0, 527.0, 516.0, 326.0, 283.0, 1.0, 144.0, 23.0]",4065,0,0.32715666,,75.73243,6.755513,,32.9265,98.77949999999998,,1,1.0,283091.415101931,1695000.0,1695000.0,50999.99609375,50999.99609375,0.0,0.0,0.09749998,0,1
58,41.630193289257306,-71.66790690064093,United States,Rhode Island,Kent,135.33333333333334,-5,115,7,3,"[2367919, 2368831, 2368832, 2369739, 2370643, 2369738, 2370642, 2368830, 2369737, 2370641, 2371542, 2368829, 2369736, 2370640, 2371541]","[133, 172, 173, 211, 250, 210, 249, 171, 209, 248, 287, 170, 208, 247, 286]","[2.0, 473.0, 31.0, 159.0, 182.0, 525.0, 496.0, 359.0, 527.0, 530.0, 122.0, 150.0, 331.0, 172.0, 36.0]",4095,0,0.37341973,,66.28567,7.1745715,,33.1695,99.5085,,1,1.0,325507.9115130311,1695000.1249999998,1695000.1249999998,51000.00390624999,51000.00390624999,0.0,0.0,0.09749998,0,1
59,41.63027347084545,-71.59878279092895,United States,Rhode Island,Kent,104.0,-5,116,7,4,"[2370643, 2371544, 2371545, 2372443, 2372444, 2373341, 2373340, 2371543, 2370642, 2372442, 2373339, 2371542, 2372441, 2373338, 2374233, 2371541]","[250, 289, 290, 327, 328, 366, 365, 288, 249, 326, 364, 287, 325, 363, 400, 286]","[124.0, 457.0, 17.0, 527.0, 133.0, 51.0, 282.0, 520.0, 31.0, 512.0, 457.0, 371.0, 359.0, 196.0, 7.0, 1.0]",4045,0,0.35290083,,70.126915,6.9791875,,32.7645,98.2935,,1,1.0,303865.6362360781,1695000.0,1695000.0,51000.0,51000.0,0.0,0.0,0.09749999,0,1
60,41.63031208742459,-71.52965847368199,United States,Rhode Island,Kent,67.8,-5,117,7,5,"[2373341, 2374236, 2374237, 2375130, 2375131, 2373340, 2374235, 2376023, 2375129, 2376022, 2374234, 2373339, 2375128, 2376021, 2374233]","[366, 403, 404, 440, 441, 365, 402, 473, 439, 472, 401, 364, 438, 471, 400]","[242.0, 449.0, 8.0, 514.0, 80.0, 248.0, 529.0, 45.0, 527.0, 233.0, 505.0, 71.0, 383.0, 184.0, 45.0]",4063,0,0.3612243,,68.60146,7.038678,,32.9103,98.73089999999999,,1,1.0,312416.6366688723,1695000.0000000002,1695000.0000000002,51000.00390625,51000.00390625,0.0,0.0,0.09749998,0,1
61,41.63030913876403,-71.46053409412468,United States,Rhode Island,Washington,6.0588235294117645,-5,118,7,6,"[2375131, 2376024, 2376916, 2376917, 2377808, 2377809, 2376023, 2376915, 2377807, 2376022, 2376914, 2378700, 2377806, 2378699, 2376021, 2376913, 2377805]","[441, 474, 503, 504, 529, 530, 473, 502, 528, 472, 501, 553, 527, 552, 471, 500, 526]","[20.0, 154.0, 115.0, 2.0, 386.0, 13.0, 251.0, 58.0, 453.0, 291.0, 147.0, 5.0, 19.0, 5.0, 40.0, 73.0, 1.0]",2033,0,0.3031525,,81.991264,6.467038,,16.467299999999998,49.4019,,1,1.0,131192.4718153131,1694999.875,1694999.875,51000.0,51000.0,0.0,0.0,0.09749998,0,1
62,41.630264624881384,-71.39140979748242,United States,Rhode Island,Washington,-4.6,-5,119,7,7,"[2377809, 2377808, 2378700, 2377807, 2378699]","[530, 529, 553, 528, 552]","[70.0, 132.0, 306.0, 1.0, 11.0]",520,0,0.2759781,,89.623795,6.1939425,,4.212,12.636,,1,1.0,30548.389932861326,1695000.0,1695000.0,51000.0,51000.0,0.0,0.0,0.09749999,0,1
63,41.630178546042586,-71.32228572897958,United States,Rhode Island,Newport,6.5,-5,120,7,8,"[2382273, 2382272]","[584, 583]","[528.0, 116.0]",644,0,0.31001782,,79.70368,6.5536027,,5.2164,15.6492,,1,1.0,42499.41098225785,1695000.0,1695000.0,51000.0,51000.0,0.0,0.0,0.09749999,0,1
64,41.63005090276187,-71.25316203383744,United States,Rhode Island,Newport,-8.8,-5,121,7,9,"[2383168, 2384955, 2384059, 2385848, 2384058]","[592, 611, 604, 615, 603]","[48.0, 457.0, 526.0, 75.0, 303.0]",1409,0,0.2982431,,82.95747,6.4263234,,11.412899999999999,34.238699999999994,,1,1.0,89452.35642810272,1695000.0,1695000.0,51000.0,51000.0,0.0,0.0,0.09749998,0,1
65,41.629881695801785,-71.18403885727238,United States,Rhode Island,Newport,20.153846153846153,-5,122,7,10,"[2385850, 2385851, 2386745, 2387638, 2386744, 2387637, 2385849, 2384955, 2386743, 2387636, 2385848, 2386742, 2387635]","[617, 618, 625, 634, 624, 633, 616, 611, 623, 632, 615, 622, 631]","[484.0, 31.0, 161.0, 35.0, 529.0, 234.0, 529.0, 71.0, 528.0, 412.0, 401.0, 331.0, 169.0]",3915,0,0.3280778,,75.74262,6.7602043,,31.711499999999997,95.13449999999999,,1,1.0,273412.88725298876,1695000.125,1695000.125,51000.0,51000.0,0.0,0.0,0.09749999,0,1
66,41.629670925955935,-71.11491628150374,United States,Rhode Island,Newport,29.5,-5,123,7,11,"[2387638, 2387637, 2387636, 2388528]","[634, 633, 632, 642]","[286.0, 296.0, 117.0, 35.0]",734,0,0.35373956,,69.87111,6.9805593,,5.945399999999999,17.836199999999998,,1,1.0,55270.07711641073,1695000.0,1695000.0,51000.0,51000.0,0.0,0.0,0.0975,0,1
67,41.57804741114992,-71.8059088693964,United States,Rhode Island,Washington,134.6,-5,129,8,1,"[2366085, 2367001, 2367000, 2366999, 2366998]","[68, 95, 94, 93, 92]","[73.0, 11.0, 185.0, 359.0, 256.0]",884,0,0.35312986,,70.02868,6.9832354,,7.160399999999999,21.481199999999998,,1,1.0,66450.32228560638,1694999.9999999998,1694999.9999999998,51000.0,51000.0,0.0,0.0,0.09749999,0,1
68,41.57821042558179,-71.73684093558495,United States,Rhode Island,Washington,97.125,-5,130,8,2,"[2367001, 2367916, 2368828, 2368829, 2367000, 2367915, 2368827, 2369735, 2369734, 2366999, 2367914, 2368826, 2369733, 2367913, 2366998, 2368825]","[95, 130, 169, 170, 94, 129, 168, 207, 206, 93, 128, 167, 205, 127, 92, 166]","[211.0, 381.0, 487.0, 21.0, 342.0, 522.0, 511.0, 2.0, 140.0, 162.0, 526.0, 445.0, 193.0, 107.0, 7.0, 9.0]",4066,0,0.3069656,,80.89692,6.543302,,32.934599999999996,98.8038,,1,1.0,265685.25241589925,1694999.875,1694999.875,51000.0,51000.0,0.0,0.0,0.09749998,0,1
69,41.57833195141455,-71.66777250530131,United States,Rhode Island,Washington,94.46666666666667,-5,131,8,3,"[2368829, 2369736, 2370640, 2371541, 2369735, 2368828, 2370639, 2371540, 2369734, 2370638, 2371539, 2372438, 2369733, 2370637, 2371538]","[170, 208, 247, 286, 207, 169, 246, 285, 206, 245, 284, 322, 205, 244, 283]","[30.0, 196.0, 357.0, 264.0, 527.0, 18.0, 528.0, 473.0, 388.0, 529.0, 470.0, 62.0, 102.0, 134.0, 18.0]",4096,0,0.35803097,,69.46478,7.0489283,,33.1776,99.5328,,1,1.0,312169.83063574217,1695000.0,1695000.0,51000.0,51000.0,0.0,0.0,0.09749998,0,1
70,41.57841198792302,-71.59870372332466,United States,Rhode Island,Washington,106.93333333333334,-5,132,8,4,"[2371541, 2371542, 2372441, 2373338, 2374233, 2372440, 2373337, 2374232, 2372439, 2371540, 2373336, 2374231, 2372438, 2373335, 2374230]","[286, 287, 325, 363, 400, 324, 362, 399, 323, 285, 361, 398, 322, 360, 397]","[226.0, 36.0, 170.0, 332.0, 67.0, 529.0, 528.0, 250.0, 528.0, 55.0, 529.0, 397.0, 258.0, 159.0, 30.0]",4094,0,0.379199,,65.2878,7.2125044,,33.1614,99.4842,,1,1.0,330464.9466473086,1695000.0,1695000.0,51000.0,51000.0,0.0,0.0,0.09749998,0,1
71,41.578450534629624,-71.52963473443893,United States,Rhode Island,Washington,60.86666666666667,-5,133,8,5,"[2374233, 2374234, 2375128, 2376021, 2375127, 2376020, 2374232, 2376912, 2375126, 2376019, 2376911, 2374231, 2375125, 2376018, 2376910]","[400, 401, 438, 471, 437, 470, 399, 499, 436, 469, 498, 398, 435, 468, 497]","[393.0, 24.0, 144.0, 227.0, 525.0, 525.0, 276.0, 35.0, 519.0, 526.0, 206.0, 87.0, 348.0, 181.0, 46.0]",4062,0,0.36063185,,68.644775,7.034158,,32.9022,98.70660000000001,,1,1.0,311827.4782730148,1694999.9999999998,1694999.9999999998,51000.0,51000.0,0.0,0.0,0.09749998,0,1
72,41.578447591304354,-71.46056568343076,United States,Rhode Island,Washington,6.545454545454546,-5,134,8,6,"[2376021, 2376913, 2376914, 2377805, 2377806, 2378698, 2376912, 2377804, 2376911, 2377803, 2378696]","[471, 500, 501, 526, 527, 551, 499, 525, 498, 524, 550]","[75.0, 454.0, 11.0, 479.0, 2.0, 239.0, 494.0, 530.0, 297.0, 374.0, 213.0]",3168,0,0.31139478,,79.688286,6.5432925,,25.6608,76.9824,,1,1.0,209993.99799356458,1695000.0,1695000.0,51000.0,51000.0,0.0,0.0,0.09749998,0,1
73,41.57840315796476,-71.39149671508761,United States,Rhode Island,Newport,-6.0,-5,135,8,7,"[2378698, 2381376]","[551, 581]","[105.0, 220.0]",325,0,0.29854918,,83.00604,6.4472313,,2.6325,7.897499999999999,,1,1.0,20654.258897924417,1694999.875,1694999.875,51000.0,51000.0,0.0,0.0,0.09749999,0,1
74,41.578317234875996,-71.32242797419582,United States,Rhode Island,Newport,7.2,-5,136,8,8,"[2382272, 2382271, 2384056, 2384055, 2381376]","[583, 582, 601, 600, 581]","[411.0, 526.0, 93.0, 155.0, 19.0]",1204,0,0.30811393,,80.31243,6.5582643,,9.7524,29.257199999999997,,1,1.0,78967.46631450462,1695000.0,1695000.0,51000.0,51000.0,0.0,0.0,0.09749999,0,1
75,41.57818982255076,-71.25335960553878,United States,Rhode Island,Newport,25.77777777777778,-5,137,8,9,"[2384058, 2384057, 2384952, 2384056, 2384951, 2386739, 2384055, 2384950, 2385844]","[603, 602, 610, 601, 609, 619, 600, 608, 614]","[223.0, 529.0, 529.0, 436.0, 527.0, 28.0, 113.0, 108.0, 8.0]",2501,0,0.342899,,72.247154,6.8818192,,20.2581,60.7743,,1,1.0,182553.55022430146,1695000.0,1695000.0,51000.0,51000.0,0.0,0.0,0.0975,0,1
76,41.578020921749335,-71.18429175389485,United States,Rhode Island,Newport,1.1538461538461537,-5,138,8,10,"[2385848, 2386742, 2387635, 2388528, 2386741, 2387634, 2388527, 2386740, 2387633, 2388526, 2386739, 2387632, 2388525]","[615, 622, 631, 642, 621, 630, 641, 620, 629, 640, 619, 628, 639]","[52.0, 197.0, 360.0, 34.0, 530.0, 529.0, 203.0, 529.0, 529.0, 347.0, 264.0, 131.0, 16.0]",3721,0,0.31814462,,77.837,6.667364,,30.140099999999997,90.4203,,1,1.0,251996.57175410198,1694999.875,1694999.875,51000.0,51000.0,0.0,0.0,0.09749998,0,1
77,41.577810533262735,-71.11522450109598,United States,Rhode Island,Newport,7.25,-5,139,8,11,"[2388528, 2388527, 2388526, 2389418]","[642, 641, 640, 647]","[460.0, 326.0, 119.0, 317.0]",1222,0,0.34308755,,72.019264,6.8995986,,9.8982,29.694599999999998,,1,1.0,89245.54567990208,1694999.875,1694999.875,51000.0,51000.0,0.0,0.0,0.09749999,0,1
78,41.52618611850151,-71.80566446346187,United States,Rhode Island,Washington,116.0,-5,145,9,1,"[2366998, 2366997, 2367913, 2367912, 2367911, 2367910]","[92, 91, 127, 126, 125, 124]","[259.0, 527.0, 6.0, 157.0, 334.0, 78.0]",1361,0,0.3716229,,66.520584,7.1508455,,11.024099999999999,33.0723,,1,1.0,107664.11172312676,1695000.0,1695000.0,51000.0,51000.0,0.0,0.0,0.09749998,0,1
79,41.52634883791154,-71.73665171004714,United States,Rhode Island,Washington,81.0,-5,146,9,2,"[2366998, 2367913, 2367914, 2368825, 2368826, 2369733, 2369732, 2367912, 2368824, 2369731, 2370635, 2367911, 2368823, 2369730, 2370634, 2368822]","[92, 127, 128, 166, 167, 205, 204, 126, 165, 203, 242, 125, 164, 202, 241, 163]","[1.0, 413.0, 1.0, 520.0, 80.0, 124.0, 487.0, 371.0, 526.0, 529.0, 108.0, 185.0, 419.0, 255.0, 75.0, 1.0]",4095,0,0.3223588,,77.15591,6.6769185,,33.1695,99.5085,,1,1.0,280998.3688123333,1695000.1249999998,1695000.1249999998,51000.00390624999,51000.00390624999,0.0,0.0,0.09749998,0,1
80,41.526470143807124,-71.66763846165541,United States,Rhode Island,Washington,64.875,-5,147,9,3,"[2369733, 2370637, 2371538, 2371539, 2372438, 2372437, 2370636, 2369732, 2371537, 2372436, 2370635, 2371536, 2372435, 2373332, 2370634, 2371535]","[205, 244, 283, 284, 322, 321, 243, 204, 282, 320, 242, 281, 319, 357, 241, 280]","[110.0, 394.0, 510.0, 60.0, 29.0, 269.0, 527.0, 40.0, 528.0, 445.0, 417.0, 440.0, 283.0, 15.0, 24.0, 5.0]",4096,0,0.33657557,,74.12715,6.84062,,33.1776,99.5328,,1,1.0,293462.70392285154,1695000.0,1695000.0,51000.0,51000.0,0.0,0.0,0.09749998,0,1
81,41.52655003546527,-71.5986248626299,United States,Rhode Island,Washington,66.8,-5,148,9,4,"[2372438, 2373335, 2374230, 2374231, 2375124, 2372437, 2373334, 2374229, 2375123, 2373333, 2372436, 2374228, 2375122, 2373332, 2374227]","[322, 360, 397, 398, 434, 321, 359, 396, 433, 358, 320, 395, 432, 357, 394]","[180.0, 366.0, 495.0, 31.0, 49.0, 259.0, 526.0, 528.0, 224.0, 527.0, 82.0, 461.0, 245.0, 108.0, 15.0]",4096,0,0.36047977,,68.77127,7.0472827,,33.1776,99.5328,,1,1.0,314304.95488183596,1695000.0,1695000.0,51000.0,51000.0,0.0,0.0,0.09749998,0,1
82,41.526588512409795,-71.52961105731848,United States,Rhode Island,Washington,63.93333333333333,-5,149,9,5,"[2374231, 2375125, 2376018, 2376910, 2375124, 2376017, 2376909, 2375123, 2376016, 2377801, 2376908, 2377800, 2375122, 2376015, 2376907]","[398, 435, 468, 497, 434, 467, 496, 433, 466, 522, 495, 521, 432, 465, 494]","[10.0, 179.0, 337.0, 334.0, 478.0, 529.0, 525.0, 305.0, 529.0, 15.0, 480.0, 127.0, 67.0, 150.0, 26.0]",4091,0,0.3515324,,70.37369,6.974781,,33.1371,99.41129999999998,,1,1.0,306129.52529383777,1695000.125,1695000.125,51000.0,51000.0,0.0,0.0,0.09749998,0,1
83,41.52658557441137,-71.46059719007167,United States,Rhode Island,Washington,38.07142857142857,-5,150,9,6,"[2376910, 2376911, 2377803, 2378696, 2377802, 2378695, 2379588, 2377801, 2376909, 2378694, 2379587, 2377800, 2378693, 2379586]","[497, 498, 524, 550, 523, 549, 570, 522, 496, 548, 569, 521, 547, 568]","[146.0, 27.0, 155.0, 315.0, 528.0, 528.0, 334.0, 505.0, 4.0, 524.0, 468.0, 210.0, 167.0, 38.0]",3949,0,0.34090757,,72.76869,6.8561416,,31.9869,95.9607,,1,1.0,286572.2696101284,1695000.0,1695000.0,51000.0,51000.0,0.0,0.0,0.09749999,0,1
84,41.52654122148752,-71.39158340524094,United States,Rhode Island,Newport,-1.6,-5,151,9,7,"[2381376, 2381375, 2379588, 2381374, 2379587]","[581, 580, 570, 579, 569]","[264.0, 527.0, 194.0, 527.0, 26.0]",1538,0,0.3204805,,77.11875,6.6857743,,12.457799999999999,37.3734,,1,1.0,104922.42483718226,1695000.0,1695000.0,51000.0,51000.0,0.0,0.0,0.09749999,0,1
85,41.52645545390257,-71.32256984717654,United States,Rhode Island,Newport,-2.0,-5,152,9,8,"[2381376, 2384055, 2384054, 2384053, 2384948, 2384052, 2384947]","[581, 600, 599, 598, 606, 597, 605]","[21.0, 116.0, 449.0, 529.0, 65.0, 228.0, 54.0]",1462,0,0.32581246,,75.8604,6.736368,,11.8422,35.5266,,1,1.0,101397.07801327802,1695000.0,1695000.0,51000.0,51000.0,0.0,0.0,0.09749999,0,1
86,41.526328272167746,-71.2535566602258,United States,Rhode Island,Newport,3.5454545454545454,-5,153,9,9,"[2384055, 2384950, 2384951, 2385844, 2386739, 2384054, 2384949, 2385843, 2384948, 2385842, 2384947]","[600, 608, 609, 614, 619, 599, 607, 613, 606, 612, 605]","[144.0, 420.0, 2.0, 521.0, 21.0, 81.0, 530.0, 529.0, 452.0, 414.0, 22.0]",3136,0,0.35700795,,69.28928,7.028431,,25.4016,76.20479999999999,,1,1.0,238322.1025540695,1695000.0,1695000.0,51000.0,51000.0,0.0,0.0,0.09749998,0,1
87,41.52615967704105,-71.18454398873114,United States,Rhode Island,Newport,-5.916666666666667,-5,154,9,10,"[2386739, 2387632, 2388525, 2388526, 2387631, 2389417, 2388524, 2389416, 2387630, 2388523, 2389415, 2388522]","[619, 628, 639, 640, 627, 646, 638, 645, 626, 637, 644, 636]","[214.0, 396.0, 507.0, 34.0, 528.0, 15.0, 525.0, 176.0, 522.0, 438.0, 204.0, 5.0]",3564,0,0.3415089,,72.4596,6.8882303,,28.868399999999998,86.6052,,1,1.0,259089.668422956,1695000.0,1695000.0,51000.00390624999,51000.00390624999,0.0,0.0,0.09749998,0,1
88,41.5259496693109,-71.11553191413876,United States,Rhode Island,Newport,-3.875,-5,155,9,11,"[2388526, 2389418, 2389417, 2388525, 2389416, 2390309, 2389415, 2390308]","[640, 647, 646, 639, 645, 649, 644, 648]","[27.0, 208.0, 512.0, 3.0, 353.0, 528.0, 79.0, 123.0]",1833,0,0.3528735,,70.04024,6.9775453,,14.847299999999999,44.5419,,1,1.0,137686.66949482798,1694999.875,1694999.875,51000.0,51000.0,0.0,0.0,0.09749998,0,1
89,41.4743243553743,-71.80542069684245,United States,Rhode Island,Washington,79.6,-5,161,10,1,"[2367910, 2367911, 2367909, 2368821, 2368820]","[124, 125, 123, 162, 161]","[424.0, 1.0, 529.0, 125.0, 237.0]",1316,0,0.3640096,,67.87016,7.095076,,10.6596,31.9788,,1,1.0,101971.56702759504,1694999.875,1694999.875,51000.0,51000.0,0.0,0.0,0.09749999,0,1
90,41.474486780227934,-71.73646297948743,United States,Rhode Island,Washington,61.8,-5,162,10,2,"[2367911, 2368822, 2368823, 2369730, 2370634, 2367910, 2369729, 2370633, 2368821, 2369728, 2370632, 2371533, 2368820, 2369727, 2370631]","[125, 163, 164, 202, 241, 124, 201, 240, 162, 200, 239, 278, 161, 199, 238]","[8.0, 527.0, 112.0, 271.0, 211.0, 27.0, 529.0, 462.0, 401.0, 528.0, 513.0, 73.0, 143.0, 220.0, 68.0]",4093,0,0.3358364,,73.946846,6.8031607,,33.1533,99.4599,,1,1.0,292603.76086864475,1695000.125,1695000.125,51000.0,51000.0,0.0,0.0,0.09749999,0,1
91,41.47460786653337,-71.66750476864408,United States,Rhode Island,Washington,46.2,-5,163,10,3,"[2370634, 2370635, 2371535, 2371536, 2372435, 2373332, 2372434, 2373331, 2371534, 2370633, 2372433, 2373330, 2371533, 2372432, 2373329]","[241, 242, 280, 281, 319, 357, 318, 356, 279, 240, 317, 355, 278, 316, 354]","[219.0, 3.0, 521.0, 89.0, 243.0, 51.0, 525.0, 238.0, 526.0, 67.0, 526.0, 416.0, 333.0, 247.0, 92.0]",4096,0,0.31756377,,77.93048,6.661399,,33.1776,99.5328,,1,1.0,276886.18008984375,1695000.0,1695000.0,51000.0,51000.0,0.0,0.0,0.09749998,0,1
92,41.47468761356972,-71.59854620822153,United States,Rhode Island,Washington,48.53333333333333,-5,164,10,4,"[2373332, 2374227, 2374228, 2375122, 2375121, 2373331, 2374226, 2376014, 2375120, 2376013, 2373330, 2374225, 2375119, 2376012, 2374224]","[357, 394, 395, 432, 431, 356, 393, 464, 430, 463, 355, 392, 429, 462, 391]","[353.0, 513.0, 65.0, 158.0, 528.0, 288.0, 528.0, 26.0, 529.0, 193.0, 108.0, 432.0, 274.0, 98.0, 3.0]",4096,0,0.3352559,,73.71867,6.828577,,33.1776,99.5328,,1,1.0,292312.06819189456,1695000.0,1695000.0,51000.0,51000.0,0.0,0.0,0.09749998,0,1
93,41.474726020862235,-71.52958744213348,United States,Rhode Island,Washington,43.125,-5,165,10,5,"[2375122, 2376015, 2376907, 2376908, 2377800, 2377799, 2376014, 2376906, 2377798, 2376013, 2376905, 2377797, 2378691, 2378690, 2376012, 2376904]","[432, 465, 494, 495, 521, 520, 464, 493, 519, 463, 492, 518, 545, 544, 462, 491]","[60.0, 378.0, 503.0, 49.0, 47.0, 353.0, 500.0, 529.0, 512.0, 335.0, 453.0, 298.0, 4.0, 48.0, 15.0, 9.0]",4093,0,0.36036336,,68.667175,7.0765457,,33.1533,99.4599,,1,1.0,313973.3285200153,1695000.125,1695000.125,51000.0,51000.0,0.0,0.0,0.09749999,0,1
94,41.474723088182266,-71.46062861429635,United States,Rhode Island,Washington,27.76923076923077,-5,166,10,6,"[2377800, 2378693, 2379586, 2379587, 2377799, 2378692, 2379585, 2378691, 2377798, 2379584, 2380477, 2378690, 2379583]","[521, 547, 568, 569, 520, 546, 567, 545, 519, 566, 575, 544, 565]","[145.0, 350.0, 470.0, 33.0, 176.0, 526.0, 523.0, 521.0, 16.0, 470.0, 295.0, 91.0, 21.0]",3637,0,0.36288285,,68.1468,7.084671,,29.459699999999998,88.3791,,1,1.0,280944.23684824846,1695000.0,1695000.0,51000.0,51000.0,0.0,0.0,0.09749998,0,1
95,41.47467881554725,-71.39166986862739,United States,Rhode Island,Newport,-13.0,-5,167,10,7,"[2381372, 2383157, 2383156, 2380477]","[578, 591, 590, 575]","[530.0, 81.0, 191.0, 33.0]",835,0,0.34774134,,71.21769,6.958263,,6.7635,20.290499999999998,,1,1.0,61809.207198534605,1695000.0000000002,1695000.0000000002,51000.0,51000.0,0.0,0.0,0.09749999,0,1
96,41.474593203220785,-71.32271134904275,United States,Rhode Island,Newport,-18.0,-5,168,10,8,"[2384052, 2384947, 2384051, 2383157, 2384050, 2383156]","[597, 605, 596, 591, 595, 590]","[298.0, 186.0, 528.0, 448.0, 528.0, 162.0]",2150,0,0.34128255,,72.54423,6.888484,,17.415,52.245,,1,1.0,156193.4861922383,1694999.875,1694999.875,51000.0,51000.0,0.0,0.0,0.09749999,0,1
97,41.47446625171254,-71.25375319945562,United States,Rhode Island,Newport,-19.666666666666668,-5,169,10,9,"[2384947, 2384948, 2385842]","[605, 606, 612]","[266.0, 10.0, 113.0]",389,0,0.34155756,,72.3819,6.8874297,,3.1509,9.4527,,1,1.0,28282.896646023986,1694999.875,1694999.875,51000.0,51000.0,0.0,0.0,0.09749998,0,1
98,41.4742979617783,-71.1847955637743,United States,Rhode Island,Newport,-16.166666666666668,-5,170,10,10,"[2387630, 2388522, 2388523, 2389415, 2389414, 2388521]","[626, 636, 637, 644, 643, 635]","[2.0, 523.0, 88.0, 151.0, 514.0, 530.0]",1808,0,0.34569287,,71.48134,6.9346566,,14.6448,43.9344,,1,1.0,133045.20648591613,1695000.0000000002,1695000.0000000002,51000.0,51000.0,0.0,0.0,0.09749998,0,1
99,41.47408833420387,-71.11583852306104,United States,Rhode Island,Newport,-16.333333333333332,-5,171,10,11,"[2389415, 2390308, 2389414]","[644, 648, 643]","[94.0, 406.0, 15.0]",515,0,0.3510748,,70.38046,6.974894,,4.1715,12.5145,,1,1.0,38487.285743186476,1695000.0,1695000.0,51000.0,51000.0,0.0,0.0,0.09749999,0,1
100,41.42246212187088,-71.80517756761535,United States,Rhode Island,Washington,24.875,-5,177,11,1,"[2368820, 2368819, 2368818, 2369725, 2367905, 2368817, 2369724, 2367904]","[161, 160, 159, 197, 122, 158, 196, 121]","[67.0, 477.0, 530.0, 96.0, 485.0, 341.0, 112.0, 28.0]",2136,0,0.332383,,74.34557,6.79758,,17.3016,51.9048,,1,1.0,151129.91578931522,1695000.0,1695000.0,51000.00000000001,51000.00000000001,0.0,0.0,0.09749999,0,1
101,41.42262425263201,-71.73627474241712,United States,Rhode Island,Washington,37.5,-5,178,11,2,"[2368820, 2369727, 2370631, 2370632, 2371532, 2371533, 2369726, 2368819, 2370630, 2371531, 2369725, 2370629, 2371530, 2372429, 2369724, 2370628]","[161, 199, 238, 239, 277, 278, 198, 160, 237, 276, 197, 236, 275, 313, 196, 235]","[81.0, 310.0, 460.0, 13.0, 256.0, 6.0, 527.0, 51.0, 526.0, 435.0, 430.0, 499.0, 369.0, 20.0, 70.0, 43.0]",4096,0,0.33609137,,73.568565,6.8283744,,33.1776,99.5328,,1,1.0,293040.5278491211,1695000.0,1695000.0,51000.0,51000.0,0.0,0.0,0.09749998,0,1
102,41.422745119693104,-71.66737142521274,United States,Rhode Island,Washington,33.06666666666667,-5,179,11,3,"[2371533, 2372432, 2373329, 2373330, 2371532, 2374224, 2372431, 2373328, 2374223, 2372430, 2371531, 2373327, 2374222, 2372429, 2373326]","[278, 316, 354, 355, 277, 391, 315, 353, 390, 314, 276, 352, 389, 313, 351]","[115.0, 280.0, 437.0, 4.0, 268.0, 39.0, 528.0, 527.0, 210.0, 529.0, 93.0, 512.0, 301.0, 191.0, 62.0]",4096,0,0.33193535,,74.530426,6.812996,,33.1776,99.5328,,1,1.0,289416.8607099609,1695000.0,1695000.0,51000.0,51000.0,0.0,0.0,0.09749998,0,1
103,41.42282472233543,-71.59846775947909,United States,Rhode Island,Washington,34.0,-5,180,11,4,"[2373330, 2374224, 2374225, 2375119, 2376012, 2375118, 2376011, 2374223, 2375117, 2376010, 2376903, 2376902, 2374222, 2375116, 2376009, 2376901]","[355, 391, 392, 429, 462, 428, 461, 390, 427, 460, 490, 489, 389, 426, 459, 488]","[1.0, 485.0, 96.0, 255.0, 271.0, 526.0, 523.0, 319.0, 529.0, 519.0, 9.0, 149.0, 96.0, 236.0, 81.0, 1.0]",4096,0,0.36310112,,68.14168,7.1067314,,33.1776,99.5328,,1,1.0,316590.5314863281,1695000.0,1695000.0,51000.0,51000.0,0.0,0.0,0.09749998,0,1
104,41.42286306008563,-71.52956388869768,United States,Rhode Island,Washington,24.125,-5,181,11,5,"[2376012, 2376013, 2376904, 2376905, 2377797, 2378690, 2377796, 2378689, 2376903, 2376011, 2377795, 2378688, 2376902, 2377794, 2378687, 2379580]","[462, 463, 491, 492, 518, 544, 517, 543, 490, 461, 516, 542, 489, 515, 541, 562]","[143.0, 1.0, 519.0, 76.0, 227.0, 96.0, 526.0, 323.0, 517.0, 6.0, 527.0, 491.0, 273.0, 262.0, 106.0, 3.0]",4096,0,0.3772869,,65.53084,7.237705,,33.1776,99.5328,,1,1.0,328959.22246874997,1695000.0,1695000.0,51000.0,51000.0,0.0,0.0,0.09749998,0,1
105,41.422860132715726,-71.46065995635267,United States,Rhode Island,Washington,9.88888888888889,-5,182,11,6,"[2378690, 2379583, 2379584, 2380477, 2378689, 2379582, 2379581, 2378688, 2379580]","[544, 565, 566, 575, 543, 564, 563, 542, 562]","[290.0, 507.0, 53.0, 184.0, 204.0, 529.0, 447.0, 34.0, 4.0]",2252,0,0.38546786,,64.16423,7.312287,,18.2412,54.7236,,1,1.0,184785.0941159749,1695000.1249999998,1695000.1249999998,51000.00000000001,51000.00000000001,0.0,0.0,0.0975,0,1
106,41.422815940243126,-71.39175610592903,United States,Rhode Island,Newport,-10.0,-5,183,11,7,"[2380477, 2383156]","[575, 590]","[16.0, 67.0]",83,0,0.37419876,,66.05845,7.2038546,,0.6723,2.0169,,1,1.0,6611.360237037778,1694999.875,1694999.875,51000.0,51000.0,0.0,0.0,0.09749999,0,1
107,41.42273048293063,-71.32285248091065,United States,Rhode Island,Newport,-20.0,-5,184,11,8,[2383156],[590],[109.0],109,0,0.37368214,,66.15342,7.2,,0.8828999999999999,2.6487,,1,1.0,8670.401736006259,1694999.8750000002,1694999.8750000002,51000.0,51000.0,0.0,0.0,0.09749998,0,1
108,41.370396392956266,-71.87378251680786,United States,Rhode Island,Washington,16.0,-5,192,12,0,[2367903],[120],[113.0],113,0,0.321055,,76.95131,6.68,,0.9153,2.7459,,1,1.0,7722.6838197920315,1695000.0000000002,1695000.0000000002,51000.0,51000.0,0.0,0.0,0.09749998,0,1
109,41.37059941809544,-71.80493507386623,United States,Rhode Island,Washington,16.23076923076923,-5,193,12,1,"[2367904, 2367905, 2368817, 2369724, 2368816, 2369723, 2367903, 2368815, 2369722, 2370626, 2368814, 2369721, 2370625]","[121, 122, 158, 196, 157, 195, 120, 156, 194, 233, 155, 193, 232]","[498.0, 45.0, 183.0, 162.0, 528.0, 449.0, 415.0, 526.0, 524.0, 70.0, 305.0, 147.0, 24.0]",3876,0,0.33030176,,74.86943,6.7915993,,31.395599999999998,94.18679999999999,,1,1.0,272524.17782736965,1694999.9999999998,1694999.9999999998,50999.99609375,50999.99609375,0.0,0.0,0.0975,0,1
110,41.37076125522634,-71.73608699735404,United States,Rhode Island,Washington,23.733333333333334,-5,194,12,2,"[2369724, 2370628, 2370629, 2371530, 2372429, 2371529, 2372428, 2369723, 2370627, 2371528, 2372427, 2370626, 2371527, 2372426, 2370625]","[196, 235, 236, 275, 313, 274, 312, 195, 234, 273, 311, 233, 272, 310, 232]","[182.0, 483.0, 29.0, 157.0, 34.0, 527.0, 227.0, 77.0, 527.0, 529.0, 406.0, 409.0, 334.0, 173.0, 1.0]",4095,0,0.36118555,,68.576164,7.0890236,,33.1695,99.5085,,1,1.0,314843.44356825826,1695000.1249999998,1695000.1249999998,51000.00390624999,51000.00390624999,0.0,0.0,0.09749998,0,1
111,41.370881903387726,-71.66723843031139,United States,Rhode Island,Washington,11.333333333333334,-5,195,12,3,"[2372429, 2373326, 2373327, 2374221, 2374222, 2372428, 2373325, 2375115, 2374220, 2375114, 2372427, 2373324]","[313, 351, 352, 388, 389, 312, 350, 425, 387, 424, 311, 349]","[282.0, 467.0, 16.0, 526.0, 87.0, 303.0, 528.0, 17.0, 529.0, 179.0, 122.0, 494.0]",3550,0,0.373187,,66.40017,7.1911097,,28.755,86.265,,1,1.0,282010.4787930608,1695000.0,1695000.0,51000.0,51000.0,0.0,0.0,0.09749998,0,1
112,41.370961361862996,-71.5983895157849,United States,Rhode Island,Washington,10.1,-5,196,12,4,"[2374222, 2375116, 2376009, 2376010, 2376901, 2376902, 2375115, 2374221, 2376008, 2375114]","[389, 426, 459, 460, 488, 489, 425, 388, 458, 424]","[45.0, 292.0, 446.0, 8.0, 338.0, 13.0, 512.0, 2.0, 526.0, 349.0]",2531,0,0.3890522,,63.598454,7.3449106,,20.501099999999997,61.503299999999996,,1,1.0,209609.23554261946,1695000.125,1695000.125,51000.0,51000.0,0.0,0.0,0.09749999,0,1
113,41.370999630180194,-71.52954039682565,United States,Rhode Island,Washington,3.857142857142857,-5,197,12,5,"[2376902, 2377794, 2378687, 2378688, 2379580, 2376901, 2377793]","[489, 515, 541, 542, 562, 488, 514]","[92.0, 263.0, 423.0, 2.0, 113.0, 186.0, 526.0]",1605,0,0.39825803,,62.10619,7.430885,,13.000499999999999,39.00149999999999,,1,1.0,136066.10662135718,1695000.125,1695000.125,51000.0,51000.0,0.0,0.0,0.09749998,0,1
114,41.37099670811202,-71.46069121648745,United States,Rhode Island,Washington,0.0,-5,198,12,6,"[2379580, 2379581]","[562, 563]","[408.0, 82.0]",490,0,0.4115348,,60.07646,7.5649395,,3.969,11.907,,1,1.0,42925.267568264004,1695000.0,1695000.0,51000.0,51000.0,0.0,0.0,0.09749999,0,1
115,41.31853358679447,-71.87348605288278,United States,Rhode Island,Washington,0.0,-5,208,13,0,[2367900],[119],[527.0],527,0,0.41863638,,59.041992,7.68,,4.2687,12.8061,,1,1.0,46963.230452663185,1695000.0,1695000.0,51000.00000000001,51000.00000000001,0.0,0.0,0.09749998,0,1
116,41.31873624415367,-71.80469321368903,United States,Rhode Island,Washington,6.5,-5,209,13,1,"[2368814, 2369721, 2370625, 2368813]","[155, 193, 232, 154]","[220.0, 381.0, 222.0, 525.0]",1348,0,0.37145483,,66.63237,7.188739,,10.9188,32.7564,,1,1.0,106587.50283924292,1695000.0,1695000.0,51000.0,51000.0,0.0,0.0,0.09749998,0,1
117,41.318897788115024,-71.73589974282244,United States,Rhode Island,Washington,1.8,-5,210,13,2,"[2370625, 2370626, 2371527, 2372426, 2371526]","[232, 233, 272, 310, 271]","[280.0, 50.0, 195.0, 355.0, 528.0]",1408,0,0.39929736,,61.95996,7.4452763,,11.4048,34.2144,,1,1.0,119676.66262591552,1695000.0,1695000.0,51000.0,51000.0,0.0,0.0,0.09749999,0,1
118,41.319018217720156,-71.6671057828947,United States,Rhode Island,Washington,0.0,-5,211,13,3,[2373324],[349],[36.0],36,0,0.4060349,,60.846844,7.49,,0.29159999999999997,0.8747999999999999,,1,1.0,3111.5460344839094,1694999.625,1694999.625,51000.0,51000.0,0.0,0.0,0.097500004,0,1
119,41.215368459038814,-71.59815600884428,United States,Rhode Island,Washington,1.0,-5,244,15,4,"[2379570, 2379569, 2378675]","[561, 560, 540]","[253.0, 251.0, 11.0]",515,0,0.4835554,,51.129616,8.447359,,4.1715,12.5145,,1,1.0,53010.738201068045,1695000.0,1695000.0,51000.0,51000.0,0.0,0.0,0.09749999,0,1
120,41.21540651970914,-71.52947028874628,United States,Rhode Island,Washington,1.0,-5,245,15,5,"[2379570, 2379569]","[561, 560]","[275.0, 52.0]",327,0,0.48339877,,51.14539,8.43636,,2.6487,7.9460999999999995,,1,1.0,33648.34197938311,1695000.0,1695000.0,51000.0,51000.0,0.0,0.0,0.09749999,0,1
121,41.163503222513185,-71.59807857921925,United States,Rhode Island,Washington,0.5,-5,260,16,4,"[2378675, 2379569, 2379568, 2380461, 2378674, 2379567]","[540, 560, 559, 574, 539, 558]","[517.0, 178.0, 528.0, 50.0, 526.0, 530.0]",2329,0,0.46989104,,52.61187,8.298107,,18.8649,56.594699999999996,,1,1.0,232957.68053964508,1695000.0000000002,1695000.0000000002,51000.0,51000.0,0.0,0.0,0.0975,0,1
122,41.163541214184036,-71.52944704129061,United States,Rhode Island,Washington,1.0,-5,261,16,5,"[2379569, 2380461]","[560, 574]","[45.0, 480.0]",525,0,0.47000572,,52.593502,8.268857,,4.2524999999999995,12.757499999999999,,1,1.0,52525.81833802163,1694999.875,1694999.875,51000.0,51000.0,0.0,0.0,0.09749999,0,1
